<?xml version="1.0" encoding="UTF-8"?>
<room>
  <game-table name="咖啡廳(戰鬥)" width="14" height="9" gridSize="50" imageIdentifier="dea29425b8ff4933462ea8a36a8def6c4c1c402c7010e1272bbc9d805b9f229b" backgroundImageIdentifier="null" backgroundFilterType="" selected="true" gridType="0" gridColor="#000000e6">
    <terrain location.name="table" location.x="0" location.y="25" posZ="0" isLocked="true" mode="3" rotate="0">
      <data name="terrain">
        <data name="image">
          <data type="image" name="imageIdentifier"></data>
          <data type="image" name="wall">278515a1f5f53df8a7cc7bf5adaf5d0ff140267b4582ffd5261cfc99c763c0d0</data>
          <data type="image" name="floor">./assets/images/tex.jpg</data>
        </data>
        <data name="common">
          <data name="name">地形</data>
          <data name="width">14</data>
          <data name="height">5</data>
          <data name="depth">0</data>
        </data>
        <data name="detail"></data>
      </data>
    </terrain>
    <terrain location.name="table" location.x="-25" location.y="-50" posZ="0" isLocked="true" mode="3" rotate="0">
      <data name="terrain">
        <data name="image">
          <data type="image" name="imageIdentifier"></data>
          <data type="image" name="wall">./assets/images/tex.jpg</data>
          <data type="image" name="floor">5654b7fa315cfd030156f0b80f1ba90dbe30f388e1e939ecc361374a4493a777</data>
        </data>
        <data name="common">
          <data name="name">列隊線</data>
          <data name="width">15</data>
          <data name="height">0</data>
          <data name="depth">10</data>
        </data>
        <data name="detail"></data>
      </data>
    </terrain>
  </game-table>
  <character location.name="common" location.x="250" location.y="325" posZ="0" rotate="0" roll="0">
    <data name="character">
      <data name="image">
        <data type="image" name="imageIdentifier">d2ddbd3bd1b4944ba48d6754201452e9157ee8f652a56578597748cde4d9a780</data>
      </data>
      <data name="common">
        <data name="name">NPC男性</data>
        <data name="size">1</data>
      </data>
      <data name="detail">
        <data name="狀態">
          <data name="No.">0</data>
          <data name="等級">？</data>
          <data type="numberResource" name="HP">null</data>
          <data name="體力">？</data>
          <data name="技巧">？</data>
          <data name="智力">？</data>
          <data name="狀態">健康</data>
          <data name="列隊">前衛</data>
          <data name="技能卡" type="">


？</data>
        </data>
      </data>
    </data>
    <chat-palette dicebot="">2d6+{體力}　{name}的體力判定！
2d6+{技巧}　{name}的技巧判定！
2d6+{智力}　{name}的智力判定！</chat-palette>
  </character>
  <character location.name="table" location.x="375" location.y="225" posZ="0" rotate="-180" roll="0">
    <data name="character">
      <data name="image">
        <data type="image" name="imageIdentifier">5c35a5bd51fd472e07cd9aa0a0a8983717fcb117446eaac51bc6159baeb7405a</data>
      </data>
      <data name="common">
        <data name="name">梅兒</data>
        <data name="size">1</data>
      </data>
      <data name="detail">
        <data name="基本能力值">
          <data name="No.">20</data>
          <data type="numberResource" currentValue="20" name="HP">20</data>
          <data name="體力">5</data>
          <data name="技巧">2</data>
          <data name="智力">2</data>
        </data>
        <data name="狀態">
          <data name="等級">2</data>
          <data name="經驗點">0</data>
          <data name="禁忌值">0</data>
          <data name="性別">女</data>
          <data name="狀態">健康</data>
          <data name="列隊">前衛</data>
          <data name="頭銜">夢的管理人(99％)</data>
          <data name="LifePass">家人</data>
          <data name="擴充">威壓→【體力】</data>
        </data>
        <data name="所有物">
          <data name=" 裝備武器" type="">死之鐮刀</data>
          <data name="歐帕茲" type="">無

</data>
          <data name="擁有金錢(cr)">100</data>
          <data name="擁有物品" type="note">

生命膠囊C劑 </data>
          <data name="背包" type="note">水壺
油燈
含鉤繩</data>
        </data>
        <data name="技能卡">
          <data name="卡片使用數">0</data>
          <data name="職業卡">武術家</data>
          <data name="常駐卡">銅牆鐵壁</data>
          <data name="一般卡A">強力一擊</data>
          <data name="一般卡A">範圍攻擊</data>
          <data name="一般卡A">奧義</data>
          <data name="一般卡A">秘技</data>
        </data>
      </data>
    </data>
    <chat-palette dicebot="">2d6+{體力}　{name}的體力判定！
2d6+{技巧}　{name}的技巧判定！
2d6+{智力}　{name}的智力判定！
―――↓探索系獎勵―――
3d6+{體力}　{name}的體力判定(獎勵)！
3d6+{技巧}　{name}的技巧判定(獎勵)！
3d6+{智力}　{name}的智力判定(獎勵)！
―――↓攻撃系―――
3d6+{體力}　{name}的【體力】攻撃！
3d6+{技巧}　{name}的【技巧】攻撃！
2d6+{智力}　{name}的【智力】攻撃！
―――↓技能系―――
3d6+({體力}*2)　{name}的【體力】強力一擊攻撃！
3d6+({體力}/2)　{name}的【體力】範圍攻擊！
4d6+{體力}　{name}的【體力】奧義攻撃！
({卡片使用數})d6+{體力}　{name}的【體力】秘技攻撃！
―――↓防禦系―――
2d6+{體力}+2　{name}的【體力】防禦(銅牆鐵壁)！
2d6+{技巧}+2　{name}的【技巧】防禦(銅牆鐵壁)！
2d6+{智力}+2　{name}的【智力】防禦(銅牆鐵壁)！</chat-palette>
  </character>
  <character location.name="table" location.x="275" location.y="225" posZ="0" rotate="0" roll="0">
    <data name="character">
      <data name="image">
        <data type="image" name="imageIdentifier">cc7ce277275f0ee4993805aec2a1182e48cb6019b1a77df82219417a3fd4146e</data>
      </data>
      <data name="common">
        <data name="name">Decoy</data>
        <data name="size">1</data>
      </data>
      <data name="detail">
        <data name="狀態">
          <data name="No.">19</data>
          <data name="等級">1</data>
          <data type="numberResource" name="HP" currentValue="16">16</data>
          <data name="體力">3</data>
          <data name="技巧">2</data>
          <data name="智力">1</data>
          <data name="狀態">健康</data>
          <data name="列隊">前衛</data>
          <data name="技能卡" type="">強力一擊</data>
        </data>
      </data>
    </data>
    <chat-palette dicebot="">2d6+{體力}　{name}的【體力】判定！
2d6+{技巧}　{name}的【技巧】判定！
1d6+{智力}　{name}的【智力(廢物)】判定！
―――↓技能系―――
2d6+{體力}*2　{name}的【體力】強力一擊攻撃！</chat-palette>
  </character>
  <character location.name="common" location.x="300" location.y="375" posZ="0" rotate="0" roll="0">
    <data name="character">
      <data name="image">
        <data type="image" name="imageIdentifier">bcc57f7a8390bc998b1a5d622088078e5cb0469b5b26a8326be22f6b264c9587</data>
      </data>
      <data name="common">
        <data name="name">NPC女性</data>
        <data name="size">1</data>
      </data>
      <data name="detail">
        <data name="狀態">
          <data name="No.">0</data>
          <data name="等級">？</data>
          <data type="numberResource" name="HP">null</data>
          <data name="體力">？</data>
          <data name="技巧">？</data>
          <data name="智力">？</data>
          <data name="狀態">健康</data>
          <data name="列隊">前衛</data>
          <data name="技能卡" type="">


？</data>
        </data>
      </data>
    </data>
    <chat-palette dicebot="">2d6+{體力}　{name}的體力判定！
2d6+{技巧}　{name}的技巧判定！
2d6+{智力}　{name}的智力判定！</chat-palette>
  </character>
  <character location.name="common" location.x="275" location.y="425" posZ="0" rotate="0" roll="0">
    <data name="character">
      <data name="image">
        <data type="image" name="imageIdentifier">ed883705dfc04861bfedf5a74093fefb0f0a30abaecc2e86c546a3e3d19b8190</data>
      </data>
      <data name="common">
        <data name="name">NPC伯伯</data>
        <data name="size">1</data>
      </data>
      <data name="detail">
        <data name="狀態">
          <data name="No.">0</data>
          <data name="等級">？</data>
          <data type="numberResource" name="HP">null</data>
          <data name="體力">？</data>
          <data name="技巧">？</data>
          <data name="智力">？</data>
          <data name="狀態">健康</data>
          <data name="列隊">前衛</data>
          <data name="技能卡" type="">


？</data>
        </data>
      </data>
    </data>
    <chat-palette dicebot="">2d6+{體力}　{name}的體力判定！
2d6+{技巧}　{name}的技巧判定！
2d6+{智力}　{name}的智力判定！</chat-palette>
  </character>
  <character location.name="common" location.x="325" location.y="475" posZ="0" rotate="0" roll="0">
    <data name="character">
      <data name="image">
        <data type="image" name="imageIdentifier">a4386f5b965ee9e6b97faa463c8d70630aea719cf239e18e8f0af5521cfdaad5</data>
      </data>
      <data name="common">
        <data name="name">NPC阿姨</data>
        <data name="size">1</data>
      </data>
      <data name="detail">
        <data name="狀態">
          <data name="No.">0</data>
          <data name="等級">？</data>
          <data type="numberResource" name="HP">null</data>
          <data name="體力">？</data>
          <data name="技巧">？</data>
          <data name="智力">？</data>
          <data name="狀態">健康</data>
          <data name="列隊">前衛</data>
          <data name="技能卡" type="">


？</data>
        </data>
      </data>
    </data>
    <chat-palette dicebot="">2d6+{體力}　{name}的體力判定！
2d6+{技巧}　{name}的技巧判定！
2d6+{智力}　{name}的智力判定！</chat-palette>
  </character>
  <character location.name="common" location.x="275" location.y="400" posZ="0" rotate="0" roll="0">
    <data name="character">
      <data name="image">
        <data type="image" name="imageIdentifier">315ef4fa2b2de9cdff751ed7d3b4cdd35616782e1ee90a0ac2cb331fbc22a56f</data>
      </data>
      <data name="common">
        <data name="name">NPC少年</data>
        <data name="size">1</data>
      </data>
      <data name="detail">
        <data name="狀態">
          <data name="No.">0</data>
          <data name="等級">？</data>
          <data type="numberResource" name="HP">null</data>
          <data name="體力">？</data>
          <data name="技巧">？</data>
          <data name="智力">？</data>
          <data name="狀態">健康</data>
          <data name="列隊">前衛</data>
          <data name="技能卡" type="">


？</data>
        </data>
      </data>
    </data>
    <chat-palette dicebot="">2d6+{體力}　{name}的體力判定！
2d6+{技巧}　{name}的技巧判定！
2d6+{智力}　{name}的智力判定！</chat-palette>
  </character>
  <character location.name="common" location.x="275" location.y="375" posZ="0" rotate="0" roll="0">
    <data name="character">
      <data name="image">
        <data type="image" name="imageIdentifier">4a3de4700a68d4746a6dfd87749e3976c07f737c56e1de83a157d0bb699ca53e</data>
      </data>
      <data name="common">
        <data name="name">NPC少女</data>
        <data name="size">1</data>
      </data>
      <data name="detail">
        <data name="狀態">
          <data name="No.">0</data>
          <data name="等級">？</data>
          <data type="numberResource" name="HP">null</data>
          <data name="體力">？</data>
          <data name="技巧">？</data>
          <data name="智力">？</data>
          <data name="狀態">健康</data>
          <data name="列隊">前衛</data>
          <data name="技能卡" type="">


？</data>
        </data>
      </data>
    </data>
    <chat-palette dicebot="">2d6+{體力}　{name}的體力判定！
2d6+{技巧}　{name}的技巧判定！
2d6+{智力}　{name}的智力判定！</chat-palette>
  </character>
  <character location.name="common" location.x="325" location.y="425" posZ="0" rotate="0" roll="0">
    <data name="character">
      <data name="image">
        <data type="image" name="imageIdentifier">ccf8341fdc8d8b8c4cb2285922a5ab743fac30799694c3dc84152c110930cccc</data>
      </data>
      <data name="common">
        <data name="name">NPC爺爺</data>
        <data name="size">1</data>
      </data>
      <data name="detail">
        <data name="狀態">
          <data name="No.">0</data>
          <data name="等級">？</data>
          <data type="numberResource" name="HP">null</data>
          <data name="體力">？</data>
          <data name="技巧">？</data>
          <data name="智力">？</data>
          <data name="狀態">健康</data>
          <data name="列隊">前衛</data>
          <data name="技能卡" type="">


？</data>
        </data>
      </data>
    </data>
    <chat-palette dicebot="">2d6+{體力}　{name}的體力判定！
2d6+{技巧}　{name}的技巧判定！
2d6+{智力}　{name}的智力判定！</chat-palette>
  </character>
  <character location.name="common" location.x="375" location.y="475" posZ="0" rotate="0" roll="0">
    <data name="character">
      <data name="image">
        <data type="image" name="imageIdentifier">16f95f2aee45731926ca6348aa431b7e39a9219777f85301436bc53c33fbc9ed</data>
      </data>
      <data name="common">
        <data name="name">NPC婆婆</data>
        <data name="size">1</data>
      </data>
      <data name="detail">
        <data name="狀態">
          <data name="No.">0</data>
          <data name="等級">？</data>
          <data type="numberResource" name="HP">null</data>
          <data name="體力">？</data>
          <data name="技巧">？</data>
          <data name="智力">？</data>
          <data name="狀態">健康</data>
          <data name="列隊">前衛</data>
          <data name="技能卡" type="">


？</data>
        </data>
      </data>
    </data>
    <chat-palette dicebot="">2d6+{體力}　{name}的體力判定！
2d6+{技巧}　{name}的技巧判定！
2d6+{智力}　{name}的智力判定！</chat-palette>
  </character>
  <text-note location.name="table" location.x="375" location.y="25" posZ="0" rotate="0" zindex="0" password="">
    <data name="text-note">
      <data name="image">
        <data type="image" name="imageIdentifier"></data>
      </data>
      <data name="common">
        <data name="width">8.3</data>
        <data name="height">4</data>
        <data name="fontsize">5</data>
        <data name="title">共享筆記</data>
        <data type="note" currentValue="請輸入文字" name="text">物品欄的「No.」是【技巧】的值的十倍。
敵人(NPC)的話，十倍後再-1。
接下來再以檯面上的大小順序下去做行動順序。
變更行動順序的技能是直接作用於「No.」。

擁有以技能卡使用數來提升威力的技能的PC
角色單上技能卡有著的「卡片使用數」中
輸入失去數量，然後在聊天面板中反映。

如果使用技能卡的話，角色單上的
技能卡名的前面加上×記號可以比較容易管理。</data>
      </data>
      <data name="detail"></data>
    </data>
  </text-note>
</room>